{
  "lightgbm_params": {
    "n_estimators": 572,
    "learning_rate": 0.0065330908418549626,
    "num_leaves": 255,
    "max_depth": 1,
    "min_child_samples": 14,
    "subsample": 0.5746476312662783,
    "colsample_bytree": 0.8011920396952499,
    "reg_alpha": 0.000010479155453124996,
    "reg_lambda": 0.0000003672437853380864,
    "class_weight": "balanced"
  }
}
